feature,family,coef,abs_coef,direction,mean_abs_shap,mean_signed_shap,mean_coef_cv,std_coef_cv,sign_consistency_cv
F0semitoneFrom27.5Hz_sma3nz_meanFallingSlope,Pitch (F0),-0.29423789272771195,0.29423789272771195,HC,0.23168950238027972,7.604267291953127e-19,-0.21621475811379742,0.018851535053128317,1.0
shimmerLocaldB_sma3nz_stddevNorm,Shimmer,-0.27748118399309896,0.27748118399309896,HC,0.22271479410829392,8.744907385746096e-18,-0.19505170196585103,0.05973769534949327,1.0
F1frequency_sma3nz_amean,Formants,0.2741691355356164,0.2741691355356164,PD,0.21957823808461244,7.604267291953127e-19,0.19293338357765652,0.053851197576125255,1.0
F3bandwidth_sma3nz_amean,Formants,-0.2683257955697323,0.2683257955697323,HC,0.19268295724353143,-3.421920281378907e-18,-0.22427640785806652,0.06527833510536164,1.0
StddevVoicedSegmentLengthSec,Temporal/Rhythm,0.24296276027072883,0.24296276027072883,PD,0.19366064243465697,2.281280187585938e-18,0.14969167577184392,0.07149687273064519,1.0
slopeV0-500_sma3nz_amean,Spectral Balance,-0.23493728803837396,0.23493728803837396,HC,0.16080027558714055,-5.5487387895970476e-18,-0.2187578506585121,0.04457770428160422,1.0
mfcc4_sma3_amean,MFCC (Cepstral),0.2345006724414384,0.2345006724414384,PD,0.1823655318733158,4.562560375171876e-18,0.22087638072578306,0.03902673268708812,1.0
mfcc3V_sma3nz_stddevNorm,MFCC (Cepstral),-0.229064564087661,0.229064564087661,HC,0.0719297706764121,3.3743936108042e-18,-0.17474413392447768,0.06081221571243201,1.0
mfcc4V_sma3nz_amean,MFCC (Cepstral),0.22546776795013582,0.22546776795013582,PD,0.18358019416057036,-1.188166764367676e-18,0.22034574409684068,0.034250330358101766,1.0
slopeV0-500_sma3nz_stddevNorm,Spectral Balance,0.2223733770332205,0.2223733770332205,PD,0.14780915581154716,1.9010668229882816e-19,0.19090988114493482,0.03861502753779705,1.0
equivalentSoundLevel_dBp,Loudness/Energy,0.211095769464638,0.211095769464638,PD,0.1692991749177768,-1.188166764367676e-18,0.15677124226027433,0.03343183672474298,1.0
mfcc1_sma3_amean,MFCC (Cepstral),0.20854043903548378,0.20854043903548378,PD,0.1753518775688057,-5.703200468964845e-19,0.10529609072413573,0.051901562401199856,1.0
jitterLocal_sma3nz_stddevNorm,Jitter,-0.20341951205959888,0.20341951205959888,HC,0.16562940054110814,-5.037827080918947e-18,-0.16972319402641997,0.060874393507276095,1.0
slopeV500-1500_sma3nz_stddevNorm,Spectral Balance,-0.20340944627354973,0.20340944627354973,HC,0.15316547164536654,-3.802133645976563e-18,-0.16657697249412445,0.04180756691472546,1.0
MeanVoicedSegmentLengthSec,Temporal/Rhythm,0.20255208024827942,0.20255208024827942,PD,0.16209208507395953,-3.612026963677735e-18,0.14786639729243012,0.05095887841960737,1.0
F0semitoneFrom27.5Hz_sma3nz_stddevFallingSlope,Pitch (F0),-0.17259741101055595,0.17259741101055595,HC,0.14138157575319982,-7.604267291953127e-18,-0.15627387565515663,0.046957190604833936,1.0
mfcc2_sma3_stddevNorm,MFCC (Cepstral),-0.15451308833993307,0.15451308833993307,HC,0.10453490265548997,-2.5664402110341802e-18,-0.09539576370816084,0.023341809872525168,1.0
F0semitoneFrom27.5Hz_sma3nz_stddevNorm,Pitch (F0),-0.14038033028693156,0.14038033028693156,HC,0.10825325319582615,4.324927022298341e-18,-0.09044609667456202,0.047658825026005,1.0
slopeV500-1500_sma3nz_amean,Spectral Balance,0.13825496347602517,0.13825496347602517,PD,0.10267477703093328,2.376333528735352e-18,0.13218812014730746,0.05294670926152078,1.0
F1frequency_sma3nz_stddevNorm,Formants,0.13248474880159633,0.13248474880159633,PD,0.1033618746755422,1.140640093792969e-18,0.08831470091718299,0.07152727116806382,1.0
loudness_sma3_stddevRisingSlope,Loudness/Energy,-0.1210231859532591,0.1210231859532591,HC,0.070530923100166,5.703200468964845e-19,-0.08646260025311782,0.024806672669459143,1.0
alphaRatioV_sma3nz_amean,Spectral Balance,-0.1173534853444393,0.1173534853444393,HC,0.08829346070330794,2.9941802462065438e-18,-0.10281633810038024,0.0318126838352076,1.0
mfcc1_sma3_stddevNorm,MFCC (Cepstral),-0.11632693440510201,0.11632693440510201,HC,0.09567891606125348,5.703200468964845e-19,-0.08264376873660867,0.025288504185122327,1.0
F3frequency_sma3nz_stddevNorm,Formants,0.1144042635396844,0.1144042635396844,PD,0.09309879214594999,0.0,0.08575179466948368,0.037797170117593586,1.0
F2bandwidth_sma3nz_amean,Formants,-0.11087791172005189,0.11087791172005189,HC,0.08839401907114043,-3.8021336459765633e-19,-0.09450929723496537,0.06990260966418453,0.6
jitterLocal_sma3nz_amean,Jitter,-0.1099560016266776,0.1099560016266776,HC,0.08935366371256676,5.3229871043671886e-18,-0.09584104364250506,0.08897017618060017,1.0
spectralFluxV_sma3nz_amean,Spectral Balance,0.10934591400632807,0.10934591400632807,PD,0.08177518720123017,5.204170427930421e-18,0.09464986178932902,0.033668475459010916,1.0
F0semitoneFrom27.5Hz_sma3nz_pctlrange0-2,Pitch (F0),-0.10914121689217617,0.10914121689217617,HC,0.07699123556594302,1.3307467760917971e-18,-0.09722521122977258,0.07227824663450098,1.0
logRelF0-H1-H2_sma3nz_amean,Harmonicity/Noise,-0.10668584028072271,0.10668584028072271,HC,0.08432293531140783,-2.0911735052871098e-18,-0.08959836239432521,0.053340141948945916,1.0
F0semitoneFrom27.5Hz_sma3nz_stddevRisingSlope,Pitch (F0),0.1045430386338959,0.1045430386338959,PD,0.08546141851304959,-7.604267291953127e-19,0.10558132750953897,0.07706212480153132,0.6
mfcc1V_sma3nz_amean,MFCC (Cepstral),0.10317807292267046,0.10317807292267046,PD,0.0863182190010819,6.843840562757814e-18,0.08462408790285336,0.05499173844774911,0.6
mfcc3V_sma3nz_amean,MFCC (Cepstral),0.10281471928745557,0.10281471928745557,PD,0.07805695096045367,-3.8021336459765633e-19,0.07273492776488621,0.05170018313419944,1.0
F2frequency_sma3nz_amean,Formants,0.10115682177930886,0.10115682177930886,PD,0.08499248133674117,8.851842394539188e-19,0.0568066587504361,0.05146555902083224,0.6
logRelF0-H1-A3_sma3nz_stddevNorm,Harmonicity/Noise,-0.10022410836572054,0.10022410836572054,HC,0.07361038816234114,2.9466535756318365e-18,-0.05411899409069182,0.017705055286686536,1.0
F2bandwidth_sma3nz_stddevNorm,Formants,-0.09871099609887829,0.09871099609887829,HC,0.08481417796523029,-1.140640093792969e-18,-0.09914848794966435,0.05068539634920443,1.0
loudness_sma3_meanFallingSlope,Loudness/Energy,0.09772537705686779,0.09772537705686779,PD,0.07333930100819655,-1.948593493562989e-18,0.06280155028437011,0.016276379507258274,1.0
F0semitoneFrom27.5Hz_sma3nz_percentile80.0,Pitch (F0),-0.08788882305318549,0.08788882305318549,HC,0.07575610451574062,-2.8516002344824225e-19,-0.07464056500274104,0.060485180816919094,1.0
slopeUV500-1500_sma3nz_amean,Spectral Balance,0.08205532615124743,0.08205532615124743,PD,0.06495910418221934,-2.8516002344824225e-19,0.060091820629646395,0.04825584993954198,1.0
MeanUnvoicedSegmentLength,Temporal/Rhythm,0.07830215318490637,0.07830215318490637,PD,0.05795564602436677,-9.505334114941408e-20,0.051279190610692235,0.04433739145825659,1.0
F0semitoneFrom27.5Hz_sma3nz_meanRisingSlope,Pitch (F0),0.07502072589660867,0.07502072589660867,PD,0.06013140876019603,3.421920281378907e-18,0.0800383661551916,0.06921637070545231,0.6
mfcc4_sma3_stddevNorm,MFCC (Cepstral),0.07440759631512515,0.07440759631512515,PD,0.03188058459093056,-4.752667057470704e-19,0.06944754993199449,0.04977359827571652,1.0
mfcc2V_sma3nz_amean,MFCC (Cepstral),0.07168523824554157,0.07168523824554157,PD,0.059214262682375625,1.8060134818388676e-18,0.06936797301088041,0.029386997020977742,1.0
spectralFlux_sma3_amean,Spectral Balance,0.071392297214611,0.071392297214611,PD,0.04736081148217812,-9.505334114941408e-19,0.05625649783695711,0.03517724434616031,1.0
F3frequency_sma3nz_amean,Formants,0.07079002020882273,0.07079002020882273,PD,0.05902453124678595,-3.802133645976563e-18,0.04680662882462674,0.03157147241678957,0.6
mfcc2V_sma3nz_stddevNorm,MFCC (Cepstral),0.06884296650508669,0.06884296650508669,PD,0.028479355076770123,-1.7228418083331303e-18,0.055523165678110234,0.0661378971608621,0.6
mfcc1V_sma3nz_stddevNorm,MFCC (Cepstral),0.06792865499596357,0.06792865499596357,PD,0.05442304027608828,-1.8951259891664434e-18,0.003973355347181939,0.03345743099072675,0.2
loudness_sma3_meanRisingSlope,Loudness/Energy,-0.06619050678852095,0.06619050678852095,HC,0.046451094955047526,2.7565468933330084e-18,-0.04168173830902996,0.03154647501292017,1.0
F0semitoneFrom27.5Hz_sma3nz_percentile50.0,Pitch (F0),-0.06538955652703392,0.06538955652703392,HC,0.05605410580954102,-3.612026963677735e-18,-0.055227944057376036,0.039404127777784466,1.0
slopeUV0-500_sma3nz_amean,Spectral Balance,-0.06428842657022998,0.06428842657022998,HC,0.04116283145203407,4.752667057470704e-19,-0.0350556410137372,0.06803859090939356,0.2
spectralFluxV_sma3nz_stddevNorm,Spectral Balance,-0.061164012645303745,0.061164012645303745,HC,0.04382514634487129,-7.604267291953127e-19,-0.0791844446009921,0.02705362725085545,1.0
loudness_sma3_stddevFallingSlope,Loudness/Energy,0.05961883932753029,0.05961883932753029,PD,0.04123973264154489,1.4258001172412112e-19,0.03038324373134916,0.04340761280285229,0.6
hammarbergIndexUV_sma3nz_amean,Spectral Balance,0.05958684451208188,0.05958684451208188,PD,0.040575837501941894,-1.7109601406894535e-18,0.03685809890356462,0.0413209806445866,0.6
mfcc3_sma3_stddevNorm,MFCC (Cepstral),0.05908280699414292,0.05908280699414292,PD,0.030936814032112105,4.2774003517236337e-19,0.05573735853193511,0.044093239442228316,1.0
VoicedSegmentsPerSec,Temporal/Rhythm,-0.058316352104902824,0.058316352104902824,HC,0.048620173211489016,1.5208534583906253e-18,-0.05845641507105117,0.041043638225220794,1.0
HNRdBACF_sma3nz_stddevNorm,Harmonicity/Noise,-0.05822146846986932,0.05822146846986932,HC,0.03280695974905174,-1.2594567702297367e-18,-0.08766127596179048,0.07061178461485819,1.0
F3bandwidth_sma3nz_stddevNorm,Formants,-0.05812758351204996,0.05812758351204996,HC,0.04731316557422057,9.505334114941408e-19,-0.043577804895179394,0.055858186577943336,0.6
spectralFluxUV_sma3nz_amean,Spectral Balance,0.056476583741608195,0.056476583741608195,PD,0.026990404731284518,4.752667057470704e-20,0.03302089567228965,0.034573111461922226,0.6
mfcc2_sma3_amean,MFCC (Cepstral),0.0550583655297739,0.0550583655297739,PD,0.045444188691907327,3.8021336459765633e-19,0.052617127722460744,0.041088338624912076,1.0
HNRdBACF_sma3nz_amean,Harmonicity/Noise,0.05226171059477885,0.05226171059477885,PD,0.04185271667538695,-1.4733267878159183e-18,0.05143221118248977,0.048493715800062176,0.6
mfcc4V_sma3nz_stddevNorm,MFCC (Cepstral),-0.05077432363877309,0.05077432363877309,HC,0.012187084132398239,-1.8773034877009284e-18,-0.039552086696342956,0.08026623324780051,0.6
F1bandwidth_sma3nz_stddevNorm,Formants,0.05010559141195791,0.05010559141195791,PD,0.04181109731750001,1.5208534583906253e-18,0.06528866368197914,0.05690848431400577,1.0
hammarbergIndexV_sma3nz_amean,Spectral Balance,0.0497523347212975,0.0497523347212975,PD,0.0363510694386454,-8.079533997700197e-19,0.07094881848135062,0.03130440858187076,1.0
logRelF0-H1-A3_sma3nz_amean,Harmonicity/Noise,-0.048429593640733855,0.048429593640733855,HC,0.03946850910684674,-1.8535401524135748e-18,-0.043246034249339524,0.048966105919883166,0.6
loudnessPeaksPerSec,Temporal/Rhythm,-0.04642695608800913,0.04642695608800913,HC,0.03834932910729427,6.653733880458986e-19,-0.029417045596241236,0.021071463330056304,1.0
F1amplitudeLogRelF0_sma3nz_stddevNorm,Formants,0.045884941592363275,0.045884941592363275,PD,0.03673196696043104,4.752667057470704e-20,0.045770788370427654,0.01395283744410697,1.0
F3amplitudeLogRelF0_sma3nz_stddevNorm,Formants,0.0458321511917137,0.0458321511917137,PD,0.03579838371298865,6.178467174711915e-19,0.04631648204154202,0.015483748812047445,1.0
alphaRatioV_sma3nz_stddevNorm,Spectral Balance,0.04377504819387737,0.04377504819387737,PD,0.034027689505949546,7.069592247987673e-19,0.014778652294475175,0.05716907319890037,0.2
shimmerLocaldB_sma3nz_amean,Shimmer,0.043572950497606004,0.043572950497606004,PD,0.03424749908755471,8.554800703447267e-19,0.03299222761516348,0.04204601890070332,0.6
F2frequency_sma3nz_stddevNorm,Formants,0.043465937548981544,0.043465937548981544,PD,0.03390433012864271,-1.4258001172412112e-18,0.029383834490573822,0.040143211576225676,0.6
loudness_sma3_stddevNorm,Loudness/Energy,0.04337805214101131,0.04337805214101131,PD,0.03199767518160206,9.030067409194338e-19,0.018682906520743836,0.028981310433718904,0.2
F0semitoneFrom27.5Hz_sma3nz_amean,Pitch (F0),-0.04056276473551944,0.04056276473551944,HC,0.03413811115920674,1.5683801289653324e-18,-0.03230197634597686,0.039185484865072284,0.6
loudness_sma3_percentile20.0,Loudness/Energy,0.038785212520592686,0.038785212520592686,PD,0.025468504569773252,8.554800703447267e-19,0.031091011339918862,0.08749970082780628,0.2
F2amplitudeLogRelF0_sma3nz_stddevNorm,Formants,0.03791360506129995,0.03791360506129995,PD,0.028980623455245807,-2.186226846436524e-18,0.041080817291056594,0.01749432393159462,1.0
F1bandwidth_sma3nz_amean,Formants,0.0293866712115488,0.0293866712115488,PD,0.024467439157439947,-4.752667057470704e-19,0.050156130004261466,0.04763634888499301,0.6
logRelF0-H1-H2_sma3nz_stddevNorm,Harmonicity/Noise,0.02845705133609285,0.02845705133609285,PD,0.014566157947417625,1.8416584847698978e-19,0.0430527110035399,0.06843302487347072,0.6
alphaRatioUV_sma3nz_amean,Spectral Balance,-0.02632988544472129,0.02632988544472129,HC,0.017647760859204067,-6.653733880458986e-19,-0.012213881766625783,0.022618170440528308,0.6
loudness_sma3_percentile50.0,Loudness/Energy,-0.023943238640465377,0.023943238640465377,HC,0.01820503529868167,2.376333528735352e-19,-0.024321697063492534,0.013840073301144905,1.0
hammarbergIndexV_sma3nz_stddevNorm,Spectral Balance,0.018440462887130218,0.018440462887130218,PD,0.013241467795125923,2.376333528735352e-19,-0.021928421214413955,0.053432373541677895,0.2
StddevUnvoicedSegmentLength,Temporal/Rhythm,0.0165045768138459,0.0165045768138459,PD,0.011574249779293862,3.04467733369217e-19,-0.05002309497775729,0.05717671689788252,0.6
loudness_sma3_amean,Loudness/Energy,-0.015968107402274664,0.015968107402274664,HC,0.011343797011614814,-5.346750439654542e-20,0.00041303967432643993,0.021057406967574056,0.2
F0semitoneFrom27.5Hz_sma3nz_percentile20.0,Pitch (F0),-0.008940660632643678,0.008940660632643678,HC,0.0072692462158065125,-1.782250146551514e-20,-0.0008001449260235157,0.03062226954057733,0.2
F2amplitudeLogRelF0_sma3nz_amean,Formants,0.0065731791443891865,0.0065731791443891865,PD,0.0053490637441346925,-4.752667057470704e-20,-0.007924789119493156,0.017641574830702035,0.2
F1amplitudeLogRelF0_sma3nz_amean,Formants,-0.006508731878257081,0.006508731878257081,HC,0.0053955506032014,-1.0099417497125246e-19,-0.01659174467225725,0.013535555153663083,1.0
loudness_sma3_percentile80.0,Loudness/Energy,0.005313823963998282,0.005313823963998282,PD,0.003806015506987117,2.97041691091919e-20,0.015061873595360958,0.022106314561376045,0.6
mfcc3_sma3_amean,MFCC (Cepstral),0.003522156012419229,0.003522156012419229,PD,0.002685956193081755,2.3169251905169685e-19,-0.005447834431218683,0.011852134204658277,0.2
spectralFlux_sma3_stddevNorm,Spectral Balance,0.0028384636150650686,0.0028384636150650686,PD,0.002206811208685142,-5.94083382183838e-20,-0.019599769509695976,0.027193099908938017,0.6
loudness_sma3_pctlrange0-2,Loudness/Energy,0.002486842467016416,0.002486842467016416,PD,0.0017909507517198397,-7.871604813935854e-20,0.013715958423773234,0.021276621535330054,0.2
F3amplitudeLogRelF0_sma3nz_amean,Formants,0.0019276201120547935,0.0019276201120547935,PD,0.0015662091957669066,-7.426042277297975e-20,-0.010490614355661912,0.0167754493195351,0.2
